dataset_id,table_name,version,run_id,artifact_type,artifact_path,file_ext,n_rows,n_cols,file_hash,created_at,notes
inei_population_1995_2030,population_national_from_dept,v1.0.0,20260416_015959,derived_dataset,C:/Users/Usuario/OneDrive/Consultorias_Personales/Carga-CDC-Peru-2023/carga-enfermedad-peru-2018-2024/demografia-poblacion-inei/data/derived/staging/inei_population/population_national_from_dept.parquet,parquet,7992,5,a9f9d780b68d2b724741434bd10b0899,2026-04-16 01:59:59,Nacional alternativo aditivo construido como suma de departamentos (01-25) con age=110 como 110+.
inei_population_1995_2030,population_national_from_dept,v1.0.0,20260416_015959,dictionary_ext,C:/Users/Usuario/OneDrive/Consultorias_Personales/Carga-CDC-Peru-2023/carga-enfermedad-peru-2018-2024/demografia-poblacion-inei/data/derived/staging/inei_population/population_national_from_dept_diccionario_ext.csv,csv,5,11,0a995b234b2885a7a09b9364ae48a9c3,2026-04-16 01:59:59,Diccionario extendido del nacional alternativo aditivo.
inei_population_1995_2030,population_result_hierarchical,v1.0.0,20260416_020003,final_dataset,C:/Users/Usuario/OneDrive/Consultorias_Personales/Carga-CDC-Peru-2023/carga-enfermedad-peru-2018-2024/demografia-poblacion-inei/data/final/population_inei/population_result_hierarchical.parquet,parquet,207792,5,d7f7fe04fe2046471e568f9eb90906d6,2026-04-16 02:00:03,Vista final jerarquicamente consistente: deptos + nacional aditivo; age=110 representa 110+.
inei_population_1995_2030,population_result_hierarchical,v1.0.0,20260416_020003,dictionary_ext,C:/Users/Usuario/OneDrive/Consultorias_Personales/Carga-CDC-Peru-2023/carga-enfermedad-peru-2018-2024/demografia-poblacion-inei/data/final/population_inei/population_result_hierarchical_diccionario_ext.csv,csv,5,11,e8796f2c8c970b4fa8b50959c1187ae0,2026-04-16 02:00:04,Diccionario extendido de la vista jerarquica consistente.
inei_population_1995_2030,population_result,v1.0.0,20260416_020008,final_dataset,C:/Users/Usuario/OneDrive/Consultorias_Personales/Carga-CDC-Peru-2023/carga-enfermedad-peru-2018-2024/demografia-poblacion-inei/data/final/population_inei/population_result.parquet,parquet,207792,5,a16f97f3e1bb2dc1f7a2a8a588369fbd,2026-04-16 02:00:11,Dataset contractual: edades 0-109 simples y age=110 como grupo abierto 110+.
inei_population_1995_2030,population_modeled_internal_0_125,v1.0.0,20260416_020008,derived_dataset,C:/Users/Usuario/OneDrive/Consultorias_Personales/Carga-CDC-Peru-2023/carga-enfermedad-peru-2018-2024/demografia-poblacion-inei/data/derived/staging/inei_population/population_modeled_internal_0_125.parquet,parquet,235872,5,2a168d4a647a2c3583a7cca759fb51aa,2026-04-16 02:00:11,Modelo interno esperado de cola 80-125 con tope nacional en edad 125.
inei_population_1995_2030,population_tail_contract_bridge_80_109_110plus,v1.0.0,20260416_020008,derived_dataset,C:/Users/Usuario/OneDrive/Consultorias_Personales/Carga-CDC-Peru-2023/carga-enfermedad-peru-2018-2024/demografia-poblacion-inei/data/derived/staging/inei_population/population_tail_contract_bridge_80_109_110plus.parquet,parquet,58032,5,289232852e84a6fca68b234309b7c02a,2026-04-16 02:00:11,Puente contractual entero de cola 80-109 y 110+ despues del redondeo Hamilton.
inei_population_1995_2030,population_tail_external_benchmark_peru_80_125,v1.0.0,20260416_020008,derived_dataset,C:/Users/Usuario/OneDrive/Consultorias_Personales/Carga-CDC-Peru-2023/carga-enfermedad-peru-2018-2024/demografia-poblacion-inei/data/derived/staging/inei_population/population_tail_external_benchmark_peru_80_125.parquet,parquet,86112,15,5b53c507d53635cc1f1fc89637355d68,2026-04-16 02:00:11,"Benchmark de cola 80-125 por estrato: tabla oficial regional all_years usada solo en edades cerradas 80-109 cuando existe, nacional implicito para location_id=0 y fallback WPP solo cuando falta cobertura. La fila abierta 110+ de mortalidad no se usa como input de modelamiento."
inei_population_1995_2030,population_crossrepo_110plus_adjustment,v1.0.0,20260416_020008,derived_dataset,C:/Users/Usuario/OneDrive/Consultorias_Personales/Carga-CDC-Peru-2023/carga-enfermedad-peru-2018-2024/demografia-poblacion-inei/data/derived/staging/inei_population/population_crossrepo_110plus_adjustment.parquet,parquet,1872,14,a40ffbfe746e2ba9d7df4d93e40131a9,2026-04-16 02:00:11,Trazabilidad del piso minimo contractual 110+ aplicado por coherencia cross-repo con mortalidad observada.
inei_population_1995_2030,population_result,v1.0.0,20260416_020008,dictionary_ext,C:/Users/Usuario/OneDrive/Consultorias_Personales/Carga-CDC-Peru-2023/carga-enfermedad-peru-2018-2024/demografia-poblacion-inei/data/final/population_inei/population_result_diccionario_ext.csv,csv,10,23,d8c22d95e30e9eec5b07c81134ab77b3,2026-04-16 02:00:11,Diccionario contractual con age=110 documentado como 110+.
inei_population_1995_2030,population_modeled_internal_0_125,v1.0.0,20260416_020008,dictionary_ext,C:/Users/Usuario/OneDrive/Consultorias_Personales/Carga-CDC-Peru-2023/carga-enfermedad-peru-2018-2024/demografia-poblacion-inei/data/derived/staging/inei_population/population_modeled_internal_0_125_diccionario_ext.csv,csv,5,16,79ad67cb6ca51cbd2073652938c2fc1d,2026-04-16 02:00:11,Diccionario del modelo interno 0-125.
inei_population_1995_2030,population_tail_contract_bridge_80_109_110plus,v1.0.0,20260416_020008,dictionary_ext,C:/Users/Usuario/OneDrive/Consultorias_Personales/Carga-CDC-Peru-2023/carga-enfermedad-peru-2018-2024/demografia-poblacion-inei/data/derived/staging/inei_population/population_tail_contract_bridge_80_109_110plus_diccionario_ext.csv,csv,5,16,565c601987cf2c5fb3b84f60a794672d,2026-04-16 02:00:11,Diccionario del puente contractual de cola.
inei_population_1995_2030,population_tail_external_benchmark_peru_80_125,v1.0.0,20260416_020008,dictionary_ext,C:/Users/Usuario/OneDrive/Consultorias_Personales/Carga-CDC-Peru-2023/carga-enfermedad-peru-2018-2024/demografia-poblacion-inei/data/derived/staging/inei_population/population_tail_external_benchmark_peru_80_125_diccionario_ext.csv,csv,15,16,eb4aa6a7264e98257724212d305341bd,2026-04-16 02:00:11,Diccionario del benchmark externo Peru 80-125.
inei_population_1995_2030,population_crossrepo_110plus_adjustment,v1.0.0,20260416_020008,dictionary_ext,C:/Users/Usuario/OneDrive/Consultorias_Personales/Carga-CDC-Peru-2023/carga-enfermedad-peru-2018-2024/demografia-poblacion-inei/data/derived/staging/inei_population/population_crossrepo_110plus_adjustment_diccionario_ext.csv,csv,14,16,faf0a8a549c688395aba1bb51c7afe3c,2026-04-16 02:00:11,Diccionario de la trazabilidad del ajuste cross-repo 110+.
inei_population_1995_2030,population_result,v1.0.0,20260416_020008,qc,C:/Users/Usuario/OneDrive/Consultorias_Personales/Carga-CDC-Peru-2023/carga-enfermedad-peru-2018-2024/demografia-poblacion-inei/data/derived/qc/inei_population/qc_summary.csv,csv,,,9b92a78dcdadd8568c375b1f545d8286,2026-04-16 02:00:11,QC del dataset contractual: qc_summary.csv
inei_population_1995_2030,population_result,v1.0.0,20260416_020008,qc,C:/Users/Usuario/OneDrive/Consultorias_Personales/Carga-CDC-Peru-2023/carga-enfermedad-peru-2018-2024/demografia-poblacion-inei/data/derived/qc/inei_population/qc_duplicates.csv,csv,,,31d899d6fa06e0dec25edfd0b5bc82fd,2026-04-16 02:00:11,QC del dataset contractual: qc_duplicates.csv
inei_population_1995_2030,population_result,v1.0.0,20260416_020008,qc,C:/Users/Usuario/OneDrive/Consultorias_Personales/Carga-CDC-Peru-2023/carga-enfermedad-peru-2018-2024/demografia-poblacion-inei/data/derived/qc/inei_population/qc_missing_required.csv,csv,,,460173dc32a1d092bb9b5e89325e3932,2026-04-16 02:00:11,QC del dataset contractual: qc_missing_required.csv
inei_population_1995_2030,population_result,v1.0.0,20260416_020008,qc,C:/Users/Usuario/OneDrive/Consultorias_Personales/Carga-CDC-Peru-2023/carga-enfermedad-peru-2018-2024/demografia-poblacion-inei/data/derived/qc/inei_population/qc_negative_population.csv,csv,,,6c6ca9f771c31c8238bc3bff14e9d214,2026-04-16 02:00:11,QC del dataset contractual: qc_negative_population.csv
inei_population_1995_2030,population_result,v1.0.0,20260416_020008,qc,C:/Users/Usuario/OneDrive/Consultorias_Personales/Carga-CDC-Peru-2023/carga-enfermedad-peru-2018-2024/demografia-poblacion-inei/data/derived/qc/inei_population/qc_tail_monotone_flags.csv,csv,,,b9269b88da4661392db132192d0b187e,2026-04-16 02:00:11,QC del dataset contractual: qc_tail_monotone_flags.csv
inei_population_1995_2030,population_result,v1.0.0,20260416_020008,qc,C:/Users/Usuario/OneDrive/Consultorias_Personales/Carga-CDC-Peru-2023/carga-enfermedad-peru-2018-2024/demografia-poblacion-inei/data/derived/qc/inei_population/qc_tail_mass_80plus_exact.csv,csv,,,a90764488d2f4789931d8cbc2a82bca0,2026-04-16 02:00:11,QC del dataset contractual: qc_tail_mass_80plus_exact.csv
inei_population_1995_2030,population_result,v1.0.0,20260416_020008,qc,C:/Users/Usuario/OneDrive/Consultorias_Personales/Carga-CDC-Peru-2023/carga-enfermedad-peru-2018-2024/demografia-poblacion-inei/data/derived/qc/inei_population/qc_tail_cap_125_national.csv,csv,,,770dd4c6e5c4c2742ca0597f8b28e5c9,2026-04-16 02:00:11,QC del dataset contractual: qc_tail_cap_125_national.csv
inei_population_1995_2030,population_result,v1.0.0,20260416_020008,qc,C:/Users/Usuario/OneDrive/Consultorias_Personales/Carga-CDC-Peru-2023/carga-enfermedad-peru-2018-2024/demografia-poblacion-inei/data/derived/qc/inei_population/qc_tail_external_alignment_national.csv,csv,,,c12b61e4ac5dd41c992ea6d9cff55613,2026-04-16 02:00:12,QC del dataset contractual: qc_tail_external_alignment_national.csv
inei_population_1995_2030,population_result,v1.0.0,20260416_020008,qc,C:/Users/Usuario/OneDrive/Consultorias_Personales/Carga-CDC-Peru-2023/carga-enfermedad-peru-2018-2024/demografia-poblacion-inei/data/derived/qc/inei_population/qc_tail_share_110plus.csv,csv,,,cdcf034869ca7edcab120df93bdabd87,2026-04-16 02:00:12,QC del dataset contractual: qc_tail_share_110plus.csv
inei_population_1995_2030,population_result,v1.0.0,20260416_020008,qc,C:/Users/Usuario/OneDrive/Consultorias_Personales/Carga-CDC-Peru-2023/carga-enfermedad-peru-2018-2024/demografia-poblacion-inei/data/derived/qc/inei_population/qc_tail_visual_priority.csv,csv,,,aa53587be9ed1008502ba9c0dc5f28ab,2026-04-16 02:00:12,QC del dataset contractual: qc_tail_visual_priority.csv
inei_population_1995_2030,population_result,v1.0.0,20260416_020008,qc,C:/Users/Usuario/OneDrive/Consultorias_Personales/Carga-CDC-Peru-2023/carga-enfermedad-peru-2018-2024/demografia-poblacion-inei/data/derived/qc/inei_population/qc_tail_benchmark_source_by_stratum.csv,csv,,,d208b90d4e0176a6cd8cf110c30f88d4,2026-04-16 02:00:12,QC del dataset contractual: qc_tail_benchmark_source_by_stratum.csv
inei_population_1995_2030,population_result,v1.0.0,20260416_020008,qc,C:/Users/Usuario/OneDrive/Consultorias_Personales/Carga-CDC-Peru-2023/carga-enfermedad-peru-2018-2024/demografia-poblacion-inei/data/derived/qc/inei_population/qc_tail_open_interval_exclusion.csv,csv,,,cdeb10abcb88d756c3dbaae3817f09bf,2026-04-16 02:00:12,QC del dataset contractual: qc_tail_open_interval_exclusion.csv
inei_population_1995_2030,population_result,v1.0.0,20260416_020008,qc,C:/Users/Usuario/OneDrive/Consultorias_Personales/Carga-CDC-Peru-2023/carga-enfermedad-peru-2018-2024/demografia-poblacion-inei/data/derived/qc/inei_population/qc_crossrepo_110plus_coherence.csv,csv,,,c59e62b9f225be28fb611d376edd4803,2026-04-16 02:00:12,QC del dataset contractual: qc_crossrepo_110plus_coherence.csv
inei_population_1995_2030,population_result,v1.0.0,20260416_020008,qc,C:/Users/Usuario/OneDrive/Consultorias_Personales/Carga-CDC-Peru-2023/carga-enfermedad-peru-2018-2024/demografia-poblacion-inei/data/derived/qc/inei_population/qc_crossrepo_mass_adjustment.csv,csv,,,84402bcb3ced730fcbeeabd07bd3ac27,2026-04-16 02:00:12,QC del dataset contractual: qc_crossrepo_mass_adjustment.csv
inei_population_1995_2030,population_result,v1.0.0,20260416_020008,qc,C:/Users/Usuario/OneDrive/Consultorias_Personales/Carga-CDC-Peru-2023/carga-enfermedad-peru-2018-2024/demografia-poblacion-inei/data/derived/qc/inei_population/qc_national_vs_dept_sum.csv,csv,,,84e6696c72eef0328fd3ff98929cca33,2026-04-16 02:00:12,QC del dataset contractual: qc_national_vs_dept_sum.csv
inei_population_1995_2030,population_result,v1.0.0,20260416_020008,qc,C:/Users/Usuario/OneDrive/Consultorias_Personales/Carga-CDC-Peru-2023/carga-enfermedad-peru-2018-2024/demografia-poblacion-inei/data/derived/qc/inei_population/qc_110plus_collapse_exact.csv,csv,,,4f5d89a69be6ebf24b2190a3f654e9e1,2026-04-16 02:00:12,QC del dataset contractual: qc_110plus_collapse_exact.csv
inei_population_1995_2030,population_result,v1.0.0,20260416_020008,spec,C:/Users/Usuario/OneDrive/Consultorias_Personales/Carga-CDC-Peru-2023/carga-enfermedad-peru-2018-2024/demografia-poblacion-inei/config/spec_population_inei.yml,yml,,,b49c36ea78c83050df74d38789d3b713,2026-04-16 02:00:12,Spec YAML usado para validar contrato y semantica 110+.
inei_population_1995_2030,population_result,v1.0.0,20260416_020008,master,C:/Users/Usuario/OneDrive/Consultorias_Personales/Carga-CDC-Peru-2023/carga-enfermedad-peru-2018-2024/demografia-poblacion-inei/config/maestro_location_dept.csv,csv,,,1ee87bc19dda5f654668c030cf9e8c19,2026-04-16 02:00:12,Maestro UBIGEO depto usado para labels en diccionario_ext.
inei_population_1995_2030,population_result_hierarchical,v1.0.0,20260416_020017,final_dataset,C:/Users/Usuario/OneDrive/Consultorias_Personales/Carga-CDC-Peru-2023/carga-enfermedad-peru-2018-2024/demografia-poblacion-inei/data/final/population_inei/population_result_hierarchical.parquet,parquet,207792,5,d7f7fe04fe2046471e568f9eb90906d6,2026-04-16 02:00:17,Vista jerarquica QC: deptos base + nacional aditivo 9000; excluye 0.
inei_population_1995_2030,population_result_hierarchical,v1.0.0,20260416_020017,spec,C:/Users/Usuario/OneDrive/Consultorias_Personales/Carga-CDC-Peru-2023/carga-enfermedad-peru-2018-2024/demografia-poblacion-inei/config/spec_population_inei_hierarchical.yml,yml,,,484040779933afef85f155d1be9499c7,2026-04-16 02:00:17,Spec YAML usado para QC jerarquico.
inei_population_1995_2030,population_result_hierarchical,v1.0.0,20260416_020017,qc,C:/Users/Usuario/OneDrive/Consultorias_Personales/Carga-CDC-Peru-2023/carga-enfermedad-peru-2018-2024/demografia-poblacion-inei/data/derived/qc/inei_population/hierarchical/qc_hierarchical_summary.csv,csv,,,815301a2dbf531195d8346b3795e8d34,2026-04-16 02:00:17,QC jerarquico: qc_hierarchical_summary.csv
inei_population_1995_2030,population_result_hierarchical,v1.0.0,20260416_020017,qc,C:/Users/Usuario/OneDrive/Consultorias_Personales/Carga-CDC-Peru-2023/carga-enfermedad-peru-2018-2024/demografia-poblacion-inei/data/derived/qc/inei_population/hierarchical/qc_hierarchical_missing_required.csv,csv,,,e9f2ecf271eb1ce4b6191305824d3723,2026-04-16 02:00:17,QC jerarquico: qc_hierarchical_missing_required.csv
inei_population_1995_2030,population_result_hierarchical,v1.0.0,20260416_020017,qc,C:/Users/Usuario/OneDrive/Consultorias_Personales/Carga-CDC-Peru-2023/carga-enfermedad-peru-2018-2024/demografia-poblacion-inei/data/derived/qc/inei_population/hierarchical/qc_hierarchical_duplicates.csv,csv,,,31d899d6fa06e0dec25edfd0b5bc82fd,2026-04-16 02:00:17,QC jerarquico: qc_hierarchical_duplicates.csv
inei_population_1995_2030,population_result_hierarchical,v1.0.0,20260416_020017,qc,C:/Users/Usuario/OneDrive/Consultorias_Personales/Carga-CDC-Peru-2023/carga-enfermedad-peru-2018-2024/demografia-poblacion-inei/data/derived/qc/inei_population/hierarchical/qc_hierarchical_negative_population.csv,csv,,,6c6ca9f771c31c8238bc3bff14e9d214,2026-04-16 02:00:17,QC jerarquico: qc_hierarchical_negative_population.csv
inei_population_1995_2030,population_result_hierarchical,v1.0.0,20260416_020017,qc,C:/Users/Usuario/OneDrive/Consultorias_Personales/Carga-CDC-Peru-2023/carga-enfermedad-peru-2018-2024/demografia-poblacion-inei/data/derived/qc/inei_population/hierarchical/qc_hierarchical_national_additive_check.csv,csv,,,9bca83657947589854db43ed6275adfc,2026-04-16 02:00:17,QC jerarquico: qc_hierarchical_national_additive_check.csv
inei_population_1995_2030,download_log,v1.0.0,20260416_020030,dictionary_ext,C:/Users/Usuario/OneDrive/Consultorias_Personales/Carga-CDC-Peru-2023/carga-enfermedad-peru-2018-2024/demografia-poblacion-inei/data/derived/staging/inei_population/download_log_diccionario_ext.csv,csv,6,16,bea520c59f9103b716a9743e579c0b79,2026-04-16 02:00:30,Diccionario extendido generado para data/derived/staging/inei_population/download_log.csv
inei_population_1995_2030,parse_log,v1.0.0,20260416_020030,dictionary_ext,C:/Users/Usuario/OneDrive/Consultorias_Personales/Carga-CDC-Peru-2023/carga-enfermedad-peru-2018-2024/demografia-poblacion-inei/data/derived/staging/inei_population/parse_log_diccionario_ext.csv,csv,6,16,89b49b0a1437f7b5e9b81a1ccb9ad0de,2026-04-16 02:00:30,Diccionario extendido generado para data/derived/staging/inei_population/parse_log.csv
inei_population_1995_2030,raw_long,v1.0.0,20260416_020030,dictionary_ext,C:/Users/Usuario/OneDrive/Consultorias_Personales/Carga-CDC-Peru-2023/carga-enfermedad-peru-2018-2024/demografia-poblacion-inei/data/derived/staging/inei_population/raw_long_diccionario_ext.csv,csv,12,16,8a846b05121a73ad42b98769b9728873,2026-04-16 02:00:31,Diccionario extendido generado para data/derived/staging/inei_population/raw_long.parquet
inei_population_1995_2030,omop_like_long,v1.0.0,20260416_020030,dictionary_ext,C:/Users/Usuario/OneDrive/Consultorias_Personales/Carga-CDC-Peru-2023/carga-enfermedad-peru-2018-2024/demografia-poblacion-inei/data/derived/staging/inei_population/omop_like_long_diccionario_ext.csv,csv,19,16,e59c9f514dfd4c724cd5ea9ff3049516,2026-04-16 02:00:31,Diccionario extendido generado para data/derived/staging/inei_population/omop_like_long.parquet
inei_population_1995_2030,population_modeled_internal_0_125,v1.0.0,20260416_020030,dictionary_ext,C:/Users/Usuario/OneDrive/Consultorias_Personales/Carga-CDC-Peru-2023/carga-enfermedad-peru-2018-2024/demografia-poblacion-inei/data/derived/staging/inei_population/population_modeled_internal_0_125_diccionario_ext.csv,csv,5,16,aa4e06ce1fcffd712f906cf5fc33c980,2026-04-16 02:00:31,Diccionario extendido generado para data/derived/staging/inei_population/population_modeled_internal_0_125.parquet
inei_population_1995_2030,population_crossrepo_110plus_adjustment,v1.0.0,20260416_020030,dictionary_ext,C:/Users/Usuario/OneDrive/Consultorias_Personales/Carga-CDC-Peru-2023/carga-enfermedad-peru-2018-2024/demografia-poblacion-inei/data/derived/staging/inei_population/population_crossrepo_110plus_adjustment_diccionario_ext.csv,csv,14,16,acb8e48bf5a0f0054cd64ae52080f190,2026-04-16 02:00:31,Diccionario extendido generado para data/derived/staging/inei_population/population_crossrepo_110plus_adjustment.parquet
inei_population_1995_2030,population_tail_external_benchmark_peru_80_125,v1.0.0,20260416_020030,dictionary_ext,C:/Users/Usuario/OneDrive/Consultorias_Personales/Carga-CDC-Peru-2023/carga-enfermedad-peru-2018-2024/demografia-poblacion-inei/data/derived/staging/inei_population/population_tail_external_benchmark_peru_80_125_diccionario_ext.csv,csv,15,16,93a99ad92930cad6a2e71a6e72428828,2026-04-16 02:00:32,Diccionario extendido generado para data/derived/staging/inei_population/population_tail_external_benchmark_peru_80_125.parquet
inei_population_1995_2030,population_tail_contract_bridge_80_109_110plus,v1.0.0,20260416_020030,dictionary_ext,C:/Users/Usuario/OneDrive/Consultorias_Personales/Carga-CDC-Peru-2023/carga-enfermedad-peru-2018-2024/demografia-poblacion-inei/data/derived/staging/inei_population/population_tail_contract_bridge_80_109_110plus_diccionario_ext.csv,csv,5,16,1b2f17e906e1899b6742521446bb88c0,2026-04-16 02:00:32,Diccionario extendido generado para data/derived/staging/inei_population/population_tail_contract_bridge_80_109_110plus.parquet
inei_population_1995_2030,population_national_from_dept,v1.0.0,20260416_020030,dictionary_ext,C:/Users/Usuario/OneDrive/Consultorias_Personales/Carga-CDC-Peru-2023/carga-enfermedad-peru-2018-2024/demografia-poblacion-inei/data/derived/staging/inei_population/population_national_from_dept_diccionario_ext.csv,csv,5,16,69239edd93052c0bc2d45772d2d789cd,2026-04-16 02:00:32,Diccionario extendido generado para data/derived/staging/inei_population/population_national_from_dept.parquet
inei_population_1995_2030,population_result,v1.0.0,20260416_020030,dictionary_ext,C:/Users/Usuario/OneDrive/Consultorias_Personales/Carga-CDC-Peru-2023/carga-enfermedad-peru-2018-2024/demografia-poblacion-inei/data/final/population_inei/population_result_diccionario_ext.csv,csv,5,16,788ba970e97bd25c6a447e403f22b0b5,2026-04-16 02:00:32,Diccionario extendido generado para data/final/population_inei/population_result.parquet
inei_population_1995_2030,population_result_hierarchical,v1.0.0,20260416_020030,dictionary_ext,C:/Users/Usuario/OneDrive/Consultorias_Personales/Carga-CDC-Peru-2023/carga-enfermedad-peru-2018-2024/demografia-poblacion-inei/data/final/population_inei/population_result_hierarchical_diccionario_ext.csv,csv,5,16,98c199d5e849b52583f424e65241f723,2026-04-16 02:00:32,Diccionario extendido generado para data/final/population_inei/population_result_hierarchical.parquet
inei_population_1995_2030,qc_summary,v1.0.0,20260416_020030,dictionary_ext,C:/Users/Usuario/OneDrive/Consultorias_Personales/Carga-CDC-Peru-2023/carga-enfermedad-peru-2018-2024/demografia-poblacion-inei/data/derived/qc/inei_population/qc_summary_diccionario_ext.csv,csv,25,16,ad6868c66c63674121972e85f367f14a,2026-04-16 02:00:32,Diccionario extendido generado para data/derived/qc/inei_population/qc_summary.csv
inei_population_1995_2030,qc_duplicates,v1.0.0,20260416_020030,dictionary_ext,C:/Users/Usuario/OneDrive/Consultorias_Personales/Carga-CDC-Peru-2023/carga-enfermedad-peru-2018-2024/demografia-poblacion-inei/data/derived/qc/inei_population/qc_duplicates_diccionario_ext.csv,csv,5,16,5929dfebddc2a1b428c41a9063df5824,2026-04-16 02:00:32,Diccionario extendido generado para data/derived/qc/inei_population/qc_duplicates.csv
inei_population_1995_2030,qc_missing_required,v1.0.0,20260416_020030,dictionary_ext,C:/Users/Usuario/OneDrive/Consultorias_Personales/Carga-CDC-Peru-2023/carga-enfermedad-peru-2018-2024/demografia-poblacion-inei/data/derived/qc/inei_population/qc_missing_required_diccionario_ext.csv,csv,3,16,dc818381a7aca89d4436ca35d9c64459,2026-04-16 02:00:32,Diccionario extendido generado para data/derived/qc/inei_population/qc_missing_required.csv
inei_population_1995_2030,qc_negative_population,v1.0.0,20260416_020030,dictionary_ext,C:/Users/Usuario/OneDrive/Consultorias_Personales/Carga-CDC-Peru-2023/carga-enfermedad-peru-2018-2024/demografia-poblacion-inei/data/derived/qc/inei_population/qc_negative_population_diccionario_ext.csv,csv,5,16,76cf177a6ce7809bea5952cd738a56ea,2026-04-16 02:00:32,Diccionario extendido generado para data/derived/qc/inei_population/qc_negative_population.csv
inei_population_1995_2030,qc_tail_monotone_flags,v1.0.0,20260416_020030,dictionary_ext,C:/Users/Usuario/OneDrive/Consultorias_Personales/Carga-CDC-Peru-2023/carga-enfermedad-peru-2018-2024/demografia-poblacion-inei/data/derived/qc/inei_population/qc_tail_monotone_flags_diccionario_ext.csv,csv,4,16,0a88ff94bf1e7f644b38189f962891da,2026-04-16 02:00:32,Diccionario extendido generado para data/derived/qc/inei_population/qc_tail_monotone_flags.csv
inei_population_1995_2030,qc_tail_mass_80plus_exact,v1.0.0,20260416_020030,dictionary_ext,C:/Users/Usuario/OneDrive/Consultorias_Personales/Carga-CDC-Peru-2023/carga-enfermedad-peru-2018-2024/demografia-poblacion-inei/data/derived/qc/inei_population/qc_tail_mass_80plus_exact_diccionario_ext.csv,csv,7,16,43b4826e5ab349ef508326e5cc366fc6,2026-04-16 02:00:32,Diccionario extendido generado para data/derived/qc/inei_population/qc_tail_mass_80plus_exact.csv
inei_population_1995_2030,qc_tail_cap_125_national,v1.0.0,20260416_020030,dictionary_ext,C:/Users/Usuario/OneDrive/Consultorias_Personales/Carga-CDC-Peru-2023/carga-enfermedad-peru-2018-2024/demografia-poblacion-inei/data/derived/qc/inei_population/qc_tail_cap_125_national_diccionario_ext.csv,csv,6,16,1af2d473c40fedc58820fa84b52069b0,2026-04-16 02:00:32,Diccionario extendido generado para data/derived/qc/inei_population/qc_tail_cap_125_national.csv
inei_population_1995_2030,qc_crossrepo_110plus_coherence,v1.0.0,20260416_020030,dictionary_ext,C:/Users/Usuario/OneDrive/Consultorias_Personales/Carga-CDC-Peru-2023/carga-enfermedad-peru-2018-2024/demografia-poblacion-inei/data/derived/qc/inei_population/qc_crossrepo_110plus_coherence_diccionario_ext.csv,csv,13,16,9495a2548c477088f44c42b10840d85a,2026-04-16 02:00:32,Diccionario extendido generado para data/derived/qc/inei_population/qc_crossrepo_110plus_coherence.csv
inei_population_1995_2030,qc_crossrepo_mass_adjustment,v1.0.0,20260416_020030,dictionary_ext,C:/Users/Usuario/OneDrive/Consultorias_Personales/Carga-CDC-Peru-2023/carga-enfermedad-peru-2018-2024/demografia-poblacion-inei/data/derived/qc/inei_population/qc_crossrepo_mass_adjustment_diccionario_ext.csv,csv,7,16,647d03f0ff790d3f73d5141c959378b7,2026-04-16 02:00:32,Diccionario extendido generado para data/derived/qc/inei_population/qc_crossrepo_mass_adjustment.csv
inei_population_1995_2030,qc_110plus_collapse_exact,v1.0.0,20260416_020030,dictionary_ext,C:/Users/Usuario/OneDrive/Consultorias_Personales/Carga-CDC-Peru-2023/carga-enfermedad-peru-2018-2024/demografia-poblacion-inei/data/derived/qc/inei_population/qc_110plus_collapse_exact_diccionario_ext.csv,csv,9,16,dea8721039c7df5bd3730996bb0a7626,2026-04-16 02:00:32,Diccionario extendido generado para data/derived/qc/inei_population/qc_110plus_collapse_exact.csv
inei_population_1995_2030,qc_national_vs_dept_sum,v1.0.0,20260416_020030,dictionary_ext,C:/Users/Usuario/OneDrive/Consultorias_Personales/Carga-CDC-Peru-2023/carga-enfermedad-peru-2018-2024/demografia-poblacion-inei/data/derived/qc/inei_population/qc_national_vs_dept_sum_diccionario_ext.csv,csv,9,16,1869e0287e89ea0d773a62a48f202775,2026-04-16 02:00:32,Diccionario extendido generado para data/derived/qc/inei_population/qc_national_vs_dept_sum.csv
inei_population_1995_2030,qc_hierarchical_summary,v1.0.0,20260416_020030,dictionary_ext,C:/Users/Usuario/OneDrive/Consultorias_Personales/Carga-CDC-Peru-2023/carga-enfermedad-peru-2018-2024/demografia-poblacion-inei/data/derived/qc/inei_population/hierarchical/qc_hierarchical_summary_diccionario_ext.csv,csv,9,16,f0572d43f80a102d5d183f1e8289011c,2026-04-16 02:00:32,Diccionario extendido generado para data/derived/qc/inei_population/hierarchical/qc_hierarchical_summary.csv
inei_population_1995_2030,qc_hierarchical_missing_required,v1.0.0,20260416_020030,dictionary_ext,C:/Users/Usuario/OneDrive/Consultorias_Personales/Carga-CDC-Peru-2023/carga-enfermedad-peru-2018-2024/demografia-poblacion-inei/data/derived/qc/inei_population/hierarchical/qc_hierarchical_missing_required_diccionario_ext.csv,csv,2,16,5666cf26c68637f127f35e3ab69021d1,2026-04-16 02:00:32,Diccionario extendido generado para data/derived/qc/inei_population/hierarchical/qc_hierarchical_missing_required.csv
inei_population_1995_2030,qc_hierarchical_duplicates,v1.0.0,20260416_020030,dictionary_ext,C:/Users/Usuario/OneDrive/Consultorias_Personales/Carga-CDC-Peru-2023/carga-enfermedad-peru-2018-2024/demografia-poblacion-inei/data/derived/qc/inei_population/hierarchical/qc_hierarchical_duplicates_diccionario_ext.csv,csv,5,16,6ff5311077f5c180c2338073d74e8851,2026-04-16 02:00:32,Diccionario extendido generado para data/derived/qc/inei_population/hierarchical/qc_hierarchical_duplicates.csv
inei_population_1995_2030,qc_hierarchical_negative_population,v1.0.0,20260416_020030,dictionary_ext,C:/Users/Usuario/OneDrive/Consultorias_Personales/Carga-CDC-Peru-2023/carga-enfermedad-peru-2018-2024/demografia-poblacion-inei/data/derived/qc/inei_population/hierarchical/qc_hierarchical_negative_population_diccionario_ext.csv,csv,5,16,7f930ba073d97b2cdf750e20d9598c22,2026-04-16 02:00:32,Diccionario extendido generado para data/derived/qc/inei_population/hierarchical/qc_hierarchical_negative_population.csv
inei_population_1995_2030,qc_hierarchical_national_additive_check,v1.0.0,20260416_020030,dictionary_ext,C:/Users/Usuario/OneDrive/Consultorias_Personales/Carga-CDC-Peru-2023/carga-enfermedad-peru-2018-2024/demografia-poblacion-inei/data/derived/qc/inei_population/hierarchical/qc_hierarchical_national_additive_check_diccionario_ext.csv,csv,8,16,6d5c47dca4afedafcfe3f97432a5c5d3,2026-04-16 02:00:32,Diccionario extendido generado para data/derived/qc/inei_population/hierarchical/qc_hierarchical_national_additive_check.csv
inei_population_1995_2030,catalogo_artefactos,v1.0.0,20260416_020030,dictionary_ext,C:/Users/Usuario/OneDrive/Consultorias_Personales/Carga-CDC-Peru-2023/carga-enfermedad-peru-2018-2024/demografia-poblacion-inei/data/_catalog/catalogo_artefactos_diccionario_ext.csv,csv,12,16,8a5a56b5c3d572711566571328998d51,2026-04-16 02:00:32,Diccionario extendido generado para data/_catalog/catalogo_artefactos.csv
inei_population_1995_2030,provenance_runs,v1.0.0,20260416_020030,dictionary_ext,C:/Users/Usuario/OneDrive/Consultorias_Personales/Carga-CDC-Peru-2023/carga-enfermedad-peru-2018-2024/demografia-poblacion-inei/data/_catalog/provenance_runs_diccionario_ext.csv,csv,7,16,7866636056ce487f295c3bf70ef69b2b,2026-04-16 02:00:33,Diccionario extendido generado para data/_catalog/provenance_runs.csv
inei_population_1995_2030,contract_fingerprint_post,v1.0.0,20260416_020030,dictionary_ext,C:/Users/Usuario/OneDrive/Consultorias_Personales/Carga-CDC-Peru-2023/carga-enfermedad-peru-2018-2024/demografia-poblacion-inei/data/derived/qc/inei_population/contract_fingerprint_post_diccionario_ext.csv,csv,17,16,ab61888ee343f4ef1a0056059358f0d9,2026-04-16 02:00:33,Diccionario extendido generado para data/derived/qc/inei_population/contract_fingerprint_post.csv
inei_population_1995_2030,dictionary_generation_summary,v1.0.0,20260416_020030,qc,C:/Users/Usuario/OneDrive/Consultorias_Personales/Carga-CDC-Peru-2023/carga-enfermedad-peru-2018-2024/demografia-poblacion-inei/data/derived/qc/inei_population/dictionary_generation_summary.csv,csv,31,3,281c197bb07c97fa12df75b019675ed1,2026-04-16 02:00:33,Resumen de generación de diccionarios tabulares.
inei_population_1995_2030,dictionary_generation_summary,v1.0.0,20260416_020030,dictionary_ext,C:/Users/Usuario/OneDrive/Consultorias_Personales/Carga-CDC-Peru-2023/carga-enfermedad-peru-2018-2024/demografia-poblacion-inei/data/derived/qc/inei_population/dictionary_generation_summary_diccionario_ext.csv,csv,3,16,50543e66ed58125d71fc6414bcb6f46d,2026-04-16 02:00:33,Diccionario extendido del resumen de generación de diccionarios.
inei_population_1995_2030,portal_qc_demografia_index,v1.0.0,portal-qc-demografia-20260416-020111,report,C:/Users/Usuario/OneDrive/Consultorias_Personales/Carga-CDC-Peru-2023/carga-enfermedad-peru-2018-2024/demografia-poblacion-inei/reports/qc_demografia_poblacion/index.html,html,,,e44eaf38dfa86a0bb0cf4da47b09d37d,2026-04-16 02:29:26,Static HTML portal index.
inei_population_1995_2030,portal_pipeline_qc,v1.0.0,portal-qc-demografia-20260416-020111,report,C:/Users/Usuario/OneDrive/Consultorias_Personales/Carga-CDC-Peru-2023/carga-enfermedad-peru-2018-2024/demografia-poblacion-inei/reports/qc_demografia_poblacion/modules/pipeline-qc/index.html,html,,,599e57ebfb8b42c8b8f51a2ee028d622,2026-04-16 02:29:26,Pipeline QC HTML module.
inei_population_1995_2030,portal_coherencia_demografica,v1.0.0,portal-qc-demografia-20260416-020111,report,C:/Users/Usuario/OneDrive/Consultorias_Personales/Carga-CDC-Peru-2023/carga-enfermedad-peru-2018-2024/demografia-poblacion-inei/reports/qc_demografia_poblacion/modules/coherencia-demografica/index.html,html,,,3fe3fedc67afa7c2bdd3d4d129f1f6cd,2026-04-16 02:29:26,Demographic coherence HTML module.
inei_population_1995_2030,portal_build_summary,v1.0.0,portal-qc-demografia-20260416-020111,qc,C:/Users/Usuario/OneDrive/Consultorias_Personales/Carga-CDC-Peru-2023/carga-enfermedad-peru-2018-2024/demografia-poblacion-inei/reports/qc_demografia_poblacion/downloads/portal_build_summary.csv,csv,1,17,de837c98f3f8eaf0e1e807ccd0f9096d,2026-04-16 02:29:26,Portal build summary.
inei_population_1995_2030,coherence_curve_manifest,v1.0.0,portal-qc-demografia-20260416-020111,qc,C:/Users/Usuario/OneDrive/Consultorias_Personales/Carga-CDC-Peru-2023/carga-enfermedad-peru-2018-2024/demografia-poblacion-inei/reports/qc_demografia_poblacion/downloads/coherence_curve_manifest.csv,csv,936,5,7cfd56e491adfd56e2cc18c382877ff6,2026-04-16 02:29:26,Manifest of age curve figures.
inei_population_1995_2030,coherence_trend_manifest,v1.0.0,portal-qc-demografia-20260416-020111,qc,C:/Users/Usuario/OneDrive/Consultorias_Personales/Carga-CDC-Peru-2023/carga-enfermedad-peru-2018-2024/demografia-poblacion-inei/reports/qc_demografia_poblacion/downloads/coherence_trend_manifest.csv,csv,26,4,c9b12d5089e0719bf9ec747f78bf3994,2026-04-16 02:29:26,Manifest of temporal trend figures.
inei_population_1995_2030,coherence_heatmap_manifest,v1.0.0,portal-qc-demografia-20260416-020111,qc,C:/Users/Usuario/OneDrive/Consultorias_Personales/Carga-CDC-Peru-2023/carga-enfermedad-peru-2018-2024/demografia-poblacion-inei/reports/qc_demografia_poblacion/downloads/coherence_heatmap_manifest.csv,csv,26,4,b952a4df0203e0ea9a44ded601495ec3,2026-04-16 02:29:26,Manifest of age-year heatmap figures.
inei_population_1995_2030,qc_observed_vs_final,v1.0.0,portal-qc-demografia-20260416-020111,qc,C:/Users/Usuario/OneDrive/Consultorias_Personales/Carga-CDC-Peru-2023/carga-enfermedad-peru-2018-2024/demografia-poblacion-inei/reports/qc_demografia_poblacion/downloads/qc_observed_vs_final.csv,csv,207792,15,d0d56b6ec1c948cc211157e2db472050,2026-04-16 02:29:26,Observed normalized values compared with final contractual values.
inei_population_1995_2030,qc_extrapolated_80_125,v1.0.0,portal-qc-demografia-20260416-020111,qc,C:/Users/Usuario/OneDrive/Consultorias_Personales/Carga-CDC-Peru-2023/carga-enfermedad-peru-2018-2024/demografia-poblacion-inei/reports/qc_demografia_poblacion/downloads/qc_extrapolated_80_125.csv,csv,95472,19,fa5cfe57a247f41a9093c806a29e8b3e,2026-04-16 02:29:26,Internal high-age tail QC rows across ages 75-125.
inei_population_1995_2030,qc_tail_mass_80plus_exact,v1.0.0,portal-qc-demografia-20260416-020111,qc,C:/Users/Usuario/OneDrive/Consultorias_Personales/Carga-CDC-Peru-2023/carga-enfermedad-peru-2018-2024/demografia-poblacion-inei/reports/qc_demografia_poblacion/downloads/qc_tail_mass_80plus_exact.csv,csv,1872,7,a90764488d2f4789931d8cbc2a82bca0,2026-04-16 02:29:26,Exact check that internal ages 80-125 preserve the observed open group 80 y +.
inei_population_1995_2030,qc_tail_cap_125_national,v1.0.0,portal-qc-demografia-20260416-020111,qc,C:/Users/Usuario/OneDrive/Consultorias_Personales/Carga-CDC-Peru-2023/carga-enfermedad-peru-2018-2024/demografia-poblacion-inei/reports/qc_demografia_poblacion/downloads/qc_tail_cap_125_national.csv,csv,72,6,770dd4c6e5c4c2742ca0597f8b28e5c9,2026-04-16 02:29:26,National per-sex per-year check that internal age 125 does not exceed 1.0.
inei_population_1995_2030,qc_110plus_collapse_exact,v1.0.0,portal-qc-demografia-20260416-020111,qc,C:/Users/Usuario/OneDrive/Consultorias_Personales/Carga-CDC-Peru-2023/carga-enfermedad-peru-2018-2024/demografia-poblacion-inei/reports/qc_demografia_poblacion/downloads/qc_110plus_collapse_exact.csv,csv,1872,9,4f5d89a69be6ebf24b2190a3f654e9e1,2026-04-16 02:29:26,Exact check that contractual age=110 equals the rounded contractual bridge 110+.
inei_population_1995_2030,qc_national_modes,v1.0.0,portal-qc-demografia-20260416-020111,qc,C:/Users/Usuario/OneDrive/Consultorias_Personales/Carga-CDC-Peru-2023/carga-enfermedad-peru-2018-2024/demografia-poblacion-inei/reports/qc_demografia_poblacion/downloads/qc_national_modes.csv,csv,7992,11,26eb891f1ef9cf4e75a89f08b1b16317,2026-04-16 02:29:26,"Official national, department sum and additive national comparison."
inei_population_1995_2030,qc_glossary,v1.0.0,portal-qc-demografia-20260416-020111,qc,C:/Users/Usuario/OneDrive/Consultorias_Personales/Carga-CDC-Peru-2023/carga-enfermedad-peru-2018-2024/demografia-poblacion-inei/reports/qc_demografia_poblacion/downloads/qc_glossary.csv,csv,27,3,b897b435c7a9dffc7c5c739a856f63ce,2026-04-16 02:29:26,Portal glossary for QC terms and labels.
inei_population_1995_2030,portal_qc_demografia_index,v1.0.0,portal-qc-demografia-20260416-023126,report,C:/Users/Usuario/OneDrive/Consultorias_Personales/Carga-CDC-Peru-2023/carga-enfermedad-peru-2018-2024/demografia-poblacion-inei/reports/qc_demografia_poblacion/index.html,html,,,143b5526070a7868d44f7898b2373f51,2026-04-16 02:37:56,Static HTML portal index.
inei_population_1995_2030,portal_pipeline_qc,v1.0.0,portal-qc-demografia-20260416-023126,report,C:/Users/Usuario/OneDrive/Consultorias_Personales/Carga-CDC-Peru-2023/carga-enfermedad-peru-2018-2024/demografia-poblacion-inei/reports/qc_demografia_poblacion/modules/pipeline-qc/index.html,html,,,2c2244c8a4ab4ae60b4674706d383403,2026-04-16 02:37:56,Pipeline QC HTML module.
inei_population_1995_2030,portal_coherencia_demografica,v1.0.0,portal-qc-demografia-20260416-023126,report,C:/Users/Usuario/OneDrive/Consultorias_Personales/Carga-CDC-Peru-2023/carga-enfermedad-peru-2018-2024/demografia-poblacion-inei/reports/qc_demografia_poblacion/modules/coherencia-demografica/index.html,html,,,618440b68fcd1c3afc67b5ff3157e7d8,2026-04-16 02:37:56,Demographic coherence HTML module.
inei_population_1995_2030,portal_build_summary,v1.0.0,portal-qc-demografia-20260416-023126,qc,C:/Users/Usuario/OneDrive/Consultorias_Personales/Carga-CDC-Peru-2023/carga-enfermedad-peru-2018-2024/demografia-poblacion-inei/reports/qc_demografia_poblacion/downloads/portal_build_summary.csv,csv,1,17,9e53122250f8c12abacf481f75ec24b3,2026-04-16 02:37:56,Portal build summary.
inei_population_1995_2030,coherence_curve_manifest,v1.0.0,portal-qc-demografia-20260416-023126,qc,C:/Users/Usuario/OneDrive/Consultorias_Personales/Carga-CDC-Peru-2023/carga-enfermedad-peru-2018-2024/demografia-poblacion-inei/reports/qc_demografia_poblacion/downloads/coherence_curve_manifest.csv,csv,936,5,7cfd56e491adfd56e2cc18c382877ff6,2026-04-16 02:37:56,Manifest of age curve figures.
inei_population_1995_2030,coherence_trend_manifest,v1.0.0,portal-qc-demografia-20260416-023126,qc,C:/Users/Usuario/OneDrive/Consultorias_Personales/Carga-CDC-Peru-2023/carga-enfermedad-peru-2018-2024/demografia-poblacion-inei/reports/qc_demografia_poblacion/downloads/coherence_trend_manifest.csv,csv,26,4,c9b12d5089e0719bf9ec747f78bf3994,2026-04-16 02:37:56,Manifest of temporal trend figures.
inei_population_1995_2030,coherence_heatmap_manifest,v1.0.0,portal-qc-demografia-20260416-023126,qc,C:/Users/Usuario/OneDrive/Consultorias_Personales/Carga-CDC-Peru-2023/carga-enfermedad-peru-2018-2024/demografia-poblacion-inei/reports/qc_demografia_poblacion/downloads/coherence_heatmap_manifest.csv,csv,26,4,b952a4df0203e0ea9a44ded601495ec3,2026-04-16 02:37:56,Manifest of age-year heatmap figures.
inei_population_1995_2030,qc_observed_vs_final,v1.0.0,portal-qc-demografia-20260416-023126,qc,C:/Users/Usuario/OneDrive/Consultorias_Personales/Carga-CDC-Peru-2023/carga-enfermedad-peru-2018-2024/demografia-poblacion-inei/reports/qc_demografia_poblacion/downloads/qc_observed_vs_final.csv,csv,207792,15,d0d56b6ec1c948cc211157e2db472050,2026-04-16 02:37:56,Observed normalized values compared with final contractual values.
inei_population_1995_2030,qc_extrapolated_80_125,v1.0.0,portal-qc-demografia-20260416-023126,qc,C:/Users/Usuario/OneDrive/Consultorias_Personales/Carga-CDC-Peru-2023/carga-enfermedad-peru-2018-2024/demografia-poblacion-inei/reports/qc_demografia_poblacion/downloads/qc_extrapolated_80_125.csv,csv,95472,19,fa5cfe57a247f41a9093c806a29e8b3e,2026-04-16 02:37:57,Internal high-age tail QC rows across ages 75-125.
inei_population_1995_2030,qc_tail_mass_80plus_exact,v1.0.0,portal-qc-demografia-20260416-023126,qc,C:/Users/Usuario/OneDrive/Consultorias_Personales/Carga-CDC-Peru-2023/carga-enfermedad-peru-2018-2024/demografia-poblacion-inei/reports/qc_demografia_poblacion/downloads/qc_tail_mass_80plus_exact.csv,csv,1872,7,a90764488d2f4789931d8cbc2a82bca0,2026-04-16 02:37:57,Exact check that internal ages 80-125 preserve the observed open group 80 y +.
inei_population_1995_2030,qc_tail_cap_125_national,v1.0.0,portal-qc-demografia-20260416-023126,qc,C:/Users/Usuario/OneDrive/Consultorias_Personales/Carga-CDC-Peru-2023/carga-enfermedad-peru-2018-2024/demografia-poblacion-inei/reports/qc_demografia_poblacion/downloads/qc_tail_cap_125_national.csv,csv,72,6,770dd4c6e5c4c2742ca0597f8b28e5c9,2026-04-16 02:37:57,National per-sex per-year check that internal age 125 does not exceed 1.0.
inei_population_1995_2030,qc_110plus_collapse_exact,v1.0.0,portal-qc-demografia-20260416-023126,qc,C:/Users/Usuario/OneDrive/Consultorias_Personales/Carga-CDC-Peru-2023/carga-enfermedad-peru-2018-2024/demografia-poblacion-inei/reports/qc_demografia_poblacion/downloads/qc_110plus_collapse_exact.csv,csv,1872,9,4f5d89a69be6ebf24b2190a3f654e9e1,2026-04-16 02:37:57,Exact check that contractual age=110 equals the rounded contractual bridge 110+.
inei_population_1995_2030,qc_national_modes,v1.0.0,portal-qc-demografia-20260416-023126,qc,C:/Users/Usuario/OneDrive/Consultorias_Personales/Carga-CDC-Peru-2023/carga-enfermedad-peru-2018-2024/demografia-poblacion-inei/reports/qc_demografia_poblacion/downloads/qc_national_modes.csv,csv,7992,11,26eb891f1ef9cf4e75a89f08b1b16317,2026-04-16 02:37:57,"Official national, department sum and additive national comparison."
inei_population_1995_2030,qc_glossary,v1.0.0,portal-qc-demografia-20260416-023126,qc,C:/Users/Usuario/OneDrive/Consultorias_Personales/Carga-CDC-Peru-2023/carga-enfermedad-peru-2018-2024/demografia-poblacion-inei/reports/qc_demografia_poblacion/downloads/qc_glossary.csv,csv,27,3,b897b435c7a9dffc7c5c739a856f63ce,2026-04-16 02:37:57,Portal glossary for QC terms and labels.
